file_name,label
30018754.mp4,4
303746162.mp4,0
303771055.mp4,0
303783414.mp4,0
303785363.mp4,3
303835132.mp4,0
303860380.mp4,0
303866446.mp4,0
303922809.mp4,0
30393422.mp4,4
303942687.mp4,0
303984896.mp4,0
303996365.mp4,0
303997720.mp4,0
304028483.mp4,0
304037982.mp4,0
304069544.mp4,0
304078846.mp4,0
305345937.mp4,5
306772421.mp4,5
307240559.mp4,10
308166809.mp4,12
30884991.mp4,5
310524138.mp4,5
31145791.mp4,4
320101153.mp4,5
320717634.mp4,5
322295082.mp4,1
325213068.mp4,5
325491436.mp4,5
326999982.mp4,9
329729162.mp4,5
332385400.mp4,10
333014934.mp4,10
333157148.mp4,1
333411303.mp4,5
334749163.mp4,5
337689228.mp4,5
341676117.mp4,9
344025523.mp4,5
34623580.mp4,5
346789577.mp4,5
349118501.mp4,5
351301706.mp4,5
352065396.mp4,5
358656638.mp4,5
36012750.mp4,5
360909295.mp4,5
363902454.mp4,5
365340885.mp4,5
36845841.mp4,5
368475257.mp4,5
368536888.mp4,5
371042623.mp4,5
372665420.mp4,5
372815696.mp4,5
38627793.mp4,10
387138286_40_50.mp4,6
391432891.mp4,1
39320084.mp4,9
39321827.mp4,5
399287337_25_35.mp4,6
399287337_40_50.mp4,6
40200996.mp4,0
408588324_44_54.mp4,6
408590962_123_133.mp4,6
408590962_80_90.mp4,6
408597175_54_64.mp4,6
408599503_47_57.mp4,6
408600299_117_127.mp4,6
408603333_63_73.mp4,10
409854840.mp4,1
42484282.mp4,5
429736530_10_20.mp4,12
430117114_25_35.mp4,3
430117114_40_50.mp4,6
438532167_36_46.mp4,6
439543616_223_233.mp4,6
440764409.mp4,1
452992823_26_36.mp4,12
453828921_61_71.mp4,6
455922709_65_75.mp4,6
46473607.mp4,5
469167330_18_28.mp4,12
477019121_32_42.mp4,12
477206110_214_224.mp4,7
477818029_16_26.mp4,12
477818029_5_15.mp4,12
478121562_39_49.mp4,6
48263390.mp4,5
48362666.mp4,5
48575368.mp4,4
489939456_99_109.mp4,8
491527937.mp4,9
49216813.mp4,5
495745983_131_141.mp4,7
496285781_211_221.mp4,7
498827293.mp4,9
499961253_137_147.mp4,7
500912312_64_74.mp4,7
501034834.mp4,12
502611997.mp4,9
504537941_192_202.mp4,12
504537941_60_70.mp4,12
50461387.mp4,5
5051730.mp4,11
505706809_9_19.mp4,12
507228797.mp4,9
507751075.mp4,9
508659635.mp4,0
510664476.mp4,0
513191329_47_57.mp4,14
514132032_29_39.mp4,6
514132032_64_74.mp4,6
514132032_99_109.mp4,6
514384290.mp4,9
51488569.mp4,4
515111914.mp4,9
515340506.mp4,9
517758835.mp4,9
518222862.mp4,9
518226293.mp4,9
522901064_220_230.mp4,6
523551955.mp4,9
52378965.mp4,12
52503778.mp4,4
5258353.mp4,0
5266876.mp4,4
526698473.mp4,9
527118388.mp4,1
528991734_220_230.mp4,6
535778223.mp4,9
536112086.mp4,9
537167457.mp4,9
537271104.mp4,9
537451045_56_66.mp4,3
540348026_130_140.mp4,8
540348026_28_38.mp4,8
541318264.mp4,3
541586604.mp4,5
543121627.mp4,9
543128149.mp4,9
545297066.mp4,9
545952117.mp4,9
546648200_30_40.mp4,12
547837942_145_155.mp4,6
54945826.mp4,5
551123797_12_22.mp4,6
551123797_30_40.mp4,6
551709731.mp4,9
554488843.mp4,9
554809537.mp4,9
556337074.mp4,1
556382066_145_155.mp4,6
556382066_70_80.mp4,6
556558364.mp4,9
556786463.mp4,9
558661802.mp4,9
560478961_202_212.mp4,6
560572233.mp4,9
564176396.mp4,0
5642462.mp4,11
565820325.mp4,9
567604889.mp4,12
567746361.mp4,1
568191064_11_21.mp4,1
568191064_27_37.mp4,1
568360476.mp4,9
570666079.mp4,9
57105294.mp4,5
572840533_126_136.mp4,6
572840533_60_70.mp4,6
573436213_128_138.mp4,7
573436213_173_183.mp4,7
57351046.mp4,5
5738877.mp4,4
574253307.mp4,9
576776907.mp4,5
577824608.mp4,9
581001724_11_21.mp4,12
581038845.mp4,9
581135285.mp4,9
582126768.mp4,9
587061895.mp4,9
587085087.mp4,9
588313053.mp4,9
588848124.mp4,9
589159227.mp4,0
5902704.mp4,4
592129807.mp4,9
593524959.mp4,9
59542068.mp4,1
596297434_12_22.mp4,12
596596493_12_22.mp4,12
59914539.mp4,5
600413707_144_154.mp4,6
600413707_44_54.mp4,6
600413707_94_104.mp4,6
60088330.mp4,4
601130160.mp4,9
601676033.mp4,9
602356487.mp4,9
602442067_25_35.mp4,12
602483988_142_152.mp4,8
603115289_33_43.mp4,12
603592416.mp4,9
604334892_112_122.mp4,6
605525162_12_22.mp4,8
605525162_80_90.mp4,8
605741545_101_111.mp4,12
606169000_143_153.mp4,3
606999518_38_48.mp4,8
607278238.mp4,1
608136662_24_34.mp4,7
608289523.mp4,9
608786870.mp4,9
609695992.mp4,9
609744171.mp4,9
610200129.mp4,9
6107590.mp4,4
611278051.mp4,9
611465932_16_26.mp4,12
611465932_5_15.mp4,12
611931834_57_67.mp4,12
612927417.mp4,9
613235206.mp4,9
614153128.mp4,11
615284468_36_46.mp4,8
61686127.mp4,5
617217638_145_155.mp4,7
617217638_70_80.mp4,7
617244259_145_155.mp4,7
617244259_70_80.mp4,7
617710848_145_155.mp4,7
617926001_33_43.mp4,8
617926001_7_17.mp4,8
617981682_220_230.mp4,7
617989258_145_155.mp4,7
617989258_220_230.mp4,7
618001904_145_155.mp4,7
618001904_220_230.mp4,7
618194111.mp4,9
618350422_70_80.mp4,7
620421707.mp4,9
623064757_220_230.mp4,7
623064757_70_80.mp4,7
623074231_70_80.mp4,7
623490405_145_155.mp4,7
623849245_145_155.mp4,1
623849245_45_55.mp4,8
623849245_95_105.mp4,1
624226303.mp4,0
626014566.mp4,12
626640836_15_25.mp4,12
626640836_25_35.mp4,12
626654758_145_155.mp4,7
626800897_217_227.mp4,7
627156658_61_71.mp4,7
627448934.mp4,10
629457573.mp4,9
631397037_153_163.mp4,7
631397037_47_57.mp4,7
632496482_131_141.mp4,7
632496482_199_209.mp4,7
632523840_137_147.mp4,7
632568975_196_206.mp4,7
633081341.mp4,9
633830807_58_68.mp4,7
635273442_145_155.mp4,7
635644677_101_111.mp4,7
635729237.mp4,1
635754867_34_44.mp4,1
635754867_8_18.mp4,1
636288992.mp4,9
636781507_139_149.mp4,7
636873741_62_72.mp4,7
636918173.mp4,1
637674945.mp4,12
639123480.mp4,9
639250267_220_230.mp4,7
639669265.mp4,9
640010913.mp4,1
640016027_13_23.mp4,12
640364736.mp4,9
640553577.mp4,14
641025194_186_196.mp4,7
641504963_145_155.mp4,7
641504963_220_230.mp4,7
641554605_220_230.mp4,7
641554605_70_80.mp4,7
641803391.mp4,12
64309982.mp4,5
643547222.mp4,9
643955341.mp4,1
645940048_215_225.mp4,1
646065619.mp4,9
6492032.mp4,5
651622935.mp4,11
653722228_145_155.mp4,7
653722228_70_80.mp4,7
656796388.mp4,1
65954277.mp4,5
663088919.mp4,9
665709947_222_232.mp4,7
665742613_145_155.mp4,7
666459906_145_155.mp4,7
666643153.mp4,9
669938845_106_116.mp4,6
670254098_42_52.mp4,6
6707281.mp4,0
671130847.mp4,9
671288999.mp4,10
6732761.mp4,4
674641233_145_155.mp4,8
674641233_95_105.mp4,8
675662167.mp4,9
676175358.mp4,9
676344603_70_80.mp4,6
676636563_70_80.mp4,7
678725741_11_21.mp4,1
679877648.mp4,11
680791952_22_32.mp4,12
681428390.mp4,9
68261421.mp4,9
682933378.mp4,1
683965826_70_80.mp4,7
685892317.mp4,10
688364453.mp4,1
689096551.mp4,9
689998346_145_155.mp4,7
689998346_220_230.mp4,7
689998346_70_80.mp4,7
690153645_70_80.mp4,7
690204471_145_155.mp4,7
690204471_70_80.mp4,7
690307285_42_52.mp4,8
690307285_57_67.mp4,8
690925482.mp4,9
691291430.mp4,9
691373102.mp4,14
691825569_70_80.mp4,7
693131329_145_155.mp4,7
693131329_70_80.mp4,7
693550664.mp4,11
694085350.mp4,1
694445358_19_29.mp4,13
6946994.mp4,0
69482322.mp4,5
69498975.mp4,5
695285383_220_230.mp4,7
695523226_70_80.mp4,7
695585839_145_155.mp4,7
695585839_70_80.mp4,7
695599119_24_34.mp4,13
695599119_54_64.mp4,13
695599119_84_94.mp4,13
696564664_58_68.mp4,8
696600917_145_155.mp4,7
697070157_116_126.mp4,7
697070157_177_187.mp4,7
697317054_67_77.mp4,12
697397329_110_120.mp4,13
697397329_168_178.mp4,11
697397329_52_62.mp4,12
698099499_9_19.mp4,13
698240560.mp4,3
698571268.mp4,9
699205724_30_40.mp4,1
69928630.mp4,5
699517398.mp4,9
699578156_70_80.mp4,7
701407973.mp4,9
702308695.mp4,9
702870911_22_32.mp4,0
702870911_36_46.mp4,8
702914784_25_35.mp4,13
70396709.mp4,4
704471180.mp4,9
705087609_4_14.mp4,12
706186804_211_221.mp4,6
706227531.mp4,9
706755641.mp4,9
707028190.mp4,13
707345459.mp4,9
707481191_220_230.mp4,7
707481191_70_80.mp4,7
711973310_16_26.mp4,8
711973310_5_15.mp4,8
712154763.mp4,14
712265316.mp4,9
712309585.mp4,9
71257269.mp4,5
714798652.mp4,12
715079080.mp4,9
71688560.mp4,9
717407230_22_32.mp4,8
717586170_10_20.mp4,13
718805350_33_43.mp4,9
718805350_7_17.mp4,8
71914397.mp4,4
719570327.mp4,11
719666488.mp4,9
722620921.mp4,10
722887206.mp4,9
72588892.mp4,4
727087672_13_23.mp4,13
729324696_48_58.mp4,8
729324696_8_18.mp4,8
729641465.mp4,11
73060951.mp4,4
732251902_80_90.mp4,6
732569706_68_78.mp4,7
732862400_65_75.mp4,10
732934073.mp4,9
735124719.mp4,13
736167763.mp4,9
736549764_33_43.mp4,12
737518908_146_156.mp4,7
741404994_220_230.mp4,7
74147795.mp4,9
7416208.mp4,0
744247349.mp4,9
744306825_95_105.mp4,6
745199890_126_136.mp4,14
745199890_47_57.mp4,14
747948309_10_20.mp4,13
747948309_26_36.mp4,13
747948309_41_51.mp4,11
748103329.mp4,9
748491221_220_230.mp4,7
748491221_70_80.mp4,7
749414004.mp4,9
749942461_58_68.mp4,8
749942461_74_84.mp4,8
750597356.mp4,9
750939902.mp4,9
751157578.mp4,1
753444376.mp4,9
755221844_91_101.mp4,8
759669572.mp4,0
759935570.mp4,8
760378170.mp4,1
760912618.mp4,9
761042646_145_155.mp4,7
763404173_128_138.mp4,14
763857675.mp4,8
764078921_118_128.mp4,6
764639674_181_191.mp4,6
764639674_227_237.mp4,1
764639674_41_51.mp4,8
765084474_220_230.mp4,7
765155432_33_43.mp4,8
765155432_53_63.mp4,8
765155432_72_82.mp4,8
765629064.mp4,1
765713702.mp4,1
766581798.mp4,1
766591301_68_78.mp4,8
768032195_70_80.mp4,7
768223187.mp4,9
768242424_153_163.mp4,7
768242424_47_57.mp4,6
76881930.mp4,4
770115835.mp4,8
770252480_142_152.mp4,14
770499232.mp4,9
770845101.mp4,1
771294389.mp4,9
77267354.mp4,9
773243351_129_139.mp4,8
773243351_21_31.mp4,8
773924242_46_56.mp4,1
774327707.mp4,1
774378691_22_32.mp4,13
774770209.mp4,9
774775670.mp4,9
774884785.mp4,9
775147730_109_119.mp4,6
775147730_52_62.mp4,6
775481918.mp4,0
775490124.mp4,0
776358091_145_155.mp4,7
776449937.mp4,9
778582774_145_155.mp4,7
778631848_145_155.mp4,7
778631848_220_230.mp4,7
779470715.mp4,8
78158789.mp4,4
78376157.mp4,4
783913871_220_230.mp4,7
783913871_70_80.mp4,7
784648406_32_42.mp4,14
784648406_50_60.mp4,14
784648406_69_79.mp4,14
786476903.mp4,1
786807426.mp4,9
787361511_17_27.mp4,8
787361511_40_50.mp4,8
787361511_51_61.mp4,8
788994036_5_15.mp4,13
789415475_139_149.mp4,13
789843145.mp4,10
790103905.mp4,5
790494613_39_49.mp4,3
79119610.mp4,0
791726161.mp4,9
792710970.mp4,9
793906372.mp4,9
794662928_70_80.mp4,7
794987630.mp4,12
795919056.mp4,9
796231945_11_21.mp4,13
796231945_27_37.mp4,13
797235482_145_155.mp4,7
79748834.mp4,4
797546417_46_56.mp4,7
797546417_72_82.mp4,7
79754845.mp4,5
798027569_29_39.mp4,14
800413801_20_30.mp4,8
800413801_32_42.mp4,8
800413801_45_55.mp4,8
800849666_145_155.mp4,7
800849666_220_230.mp4,7
800849666_70_80.mp4,7
801303647.mp4,9
801454381_11_21.mp4,14
801454381_27_37.mp4,14
807122394.mp4,9
807921208_66_76.mp4,8
808525282_28_38.mp4,6
808525282_96_106.mp4,6
810316865.mp4,9
812120053.mp4,9
813161876.mp4,1
813210203.mp4,9
813337887_25_35.mp4,6
813428264.mp4,9
813514296_12_22.mp4,13
814007572.mp4,13
814399862.mp4,1
815032153.mp4,9
815881327.mp4,9
817822054_32_42.mp4,6
818436883.mp4,1
818855951.mp4,13
819154079_220_230.mp4,7
820039737_57_67.mp4,2
820130552.mp4,0
820805811.mp4,10
822833754_48_58.mp4,14
826087114_56_66.mp4,6
826153989.mp4,9
826212130_10_20.mp4,1
826212130_26_36.mp4,1
82722526.mp4,3
827306765.mp4,1
827399681.mp4,9
827826075.mp4,11
828058750_130_140.mp4,7
828113785.mp4,9
828364025_31_41.mp4,8
828506690.mp4,12
82890776.mp4,5
829908958.mp4,9
829923135_61_71.mp4,7
829934723_108_118.mp4,6
829934723_164_174.mp4,6
829987854.mp4,12
830345084.mp4,12
830404487.mp4,6
830625195.mp4,9
830715480.mp4,9
831668193.mp4,9
831876.mp4,9
832470519_37_47.mp4,6
832620875.mp4,9
832794828_47_57.mp4,6
832794828_73_83.mp4,6
83342731.mp4,5
833873906_16_26.mp4,6
834565014_70_80.mp4,3
834841834.mp4,12
835249273_62_72.mp4,8
835407245.mp4,9
836016047_59_69.mp4,2
836273042_37_47.mp4,9
836524063_26_36.mp4,2
836661961_12_22.mp4,8
837148190.mp4,9
837503823.mp4,10
837886335.mp4,10
838009559.mp4,5
838716540.mp4,10
839001830.mp4,13
839866496.mp4,3
840191139_10_20.mp4,8
841280058_28_38.mp4,13
841981499_145_155.mp4,6
842701577.mp4,0
843210893_116_126.mp4,6
843210893_177_187.mp4,6
843371602.mp4,9
843532329.mp4,11
843718136.mp4,11
844872838.mp4,9
845864817.mp4,12
847563408.mp4,11
848233518.mp4,9
848484606.mp4,3
848730352.mp4,4
848738021.mp4,11
849380467.mp4,11
849404762.mp4,10
849440224.mp4,1
849857951_97_107.mp4,8
850441472.mp4,11
850459947.mp4,9
850712126.mp4,4
850808198.mp4,11
850959489.mp4,9
851988511.mp4,11
852924390.mp4,1
852930452_178_188.mp4,6
853244558.mp4,9
853499607.mp4,9
853638114.mp4,10
853720165.mp4,11
854822864.mp4,2
854910259_27_37.mp4,2
854991739.mp4,4
855121784.mp4,9
855660919_11_21.mp4,2
855780574_39_49.mp4,3
856158461.mp4,2
856436598.mp4,1
856584667.mp4,9
857104142.mp4,4
857407018_145_155.mp4,13
857407018_95_105.mp4,13
857410894.mp4,9
857490631_24_34.mp4,13
857622450.mp4,3
857688282.mp4,4
857783106.mp4,10
857984675.mp4,10
858282882_106_116.mp4,12
858493557_116_126.mp4,2
858710699.mp4,3
858720824.mp4,3
858926243.mp4,5
859506628_196_206.mp4,6
859592443.mp4,4
860151652_48_58.mp4,1
860151652_75_85.mp4,14
860191108.mp4,2
860377783.mp4,10
860892905.mp4,11
861108106.mp4,1
861312355.mp4,10
861795009.mp4,11
862063858.mp4,10
862381695.mp4,3
862528275.mp4,3
862565823.mp4,13
862586006.mp4,14
862650702.mp4,3
862680857_157_167.mp4,2
862817753.mp4,10
863068014.mp4,3
863149037.mp4,3
863169253.mp4,3
863408113.mp4,3
863528549.mp4,10
863662038.mp4,10
863818416.mp4,4
863827223.mp4,3
863946914_23_33.mp4,2
864224574.mp4,3
864289450_32_42.mp4,8
864470780_220_230.mp4,7
864558817.mp4,10
86473034.mp4,5
865456576_80_90.mp4,12
865977163.mp4,10
866272625_214_224.mp4,6
867206855_47_57.mp4,2
867259543.mp4,11
868019225_220_230.mp4,7
868038534_61_71.mp4,13
868096020.mp4,10
868209153_98_108.mp4,13
868318890.mp4,5
868490705.mp4,3
868673979_22_32.mp4,8
869178884.mp4,12
869489791_145_155.mp4,7
869682146.mp4,1
869923752.mp4,4
870106187.mp4,12
870337240.mp4,3
870407356_41_51.mp4,10
870498360.mp4,10
870561850.mp4,14
870573538.mp4,14
870647790.mp4,9
870653292.mp4,9
870868157.mp4,3
870957188.mp4,3
870971371.mp4,1
871106242.mp4,3
871165537.mp4,4
871184135.mp4,7
871273898_41_51.mp4,3
871377238.mp4,3
871493696.mp4,3
871703173.mp4,3
871706274_71_81.mp4,13
872048877.mp4,3
87223749.mp4,5
872395934.mp4,10
872808790.mp4,4
872815707.mp4,3
872866738.mp4,1
872979960.mp4,13
872986829.mp4,3
873006562.mp4,10
873039293.mp4,12
873310341.mp4,10
873364253_23_33.mp4,6
873459929.mp4,4
873574846.mp4,2
873717291_20_30.mp4,6
873717291_45_55.mp4,6
8738791.mp4,0
873890800.mp4,3
873913359.mp4,10
874001655.mp4,4
874273086.mp4,4
874379975.mp4,3
8744603.mp4,0
874627482.mp4,3
874634049.mp4,3
874833459.mp4,1
874937798.mp4,3
874969579.mp4,4
875020414.mp4,7
875168691.mp4,3
875247645.mp4,10
875400691.mp4,3
875590682.mp4,10
875644481.mp4,11
875649979.mp4,3
875705468_4_14.mp4,14
875739492.mp4,4
876037195_13_23.mp4,2
876098651.mp4,3
876187466.mp4,3
876477001.mp4,4
876514362.mp4,3
877107361.mp4,2
877203208.mp4,2
877249843.mp4,3
877334717.mp4,3
877523625.mp4,9
877583516_74_84.mp4,2
877827285.mp4,10
877917485.mp4,3
878038920.mp4,10
878078287.mp4,3
878575231.mp4,9
878575545.mp4,3
878660720.mp4,3
878732672_52_62.mp4,1
878986246.mp4,10
878987825.mp4,10
879003911.mp4,2
879095619.mp4,3
879303638.mp4,3
879510314_18_28.mp4,13
879516906.mp4,2
879517613.mp4,1
879547948.mp4,1
879744805.mp4,11
879817699.mp4,7
879825155_56_66.mp4,14
879902964_91_101.mp4,6
880002110_96_106.mp4,8
880167025.mp4,3
880362805.mp4,5
880475088.mp4,7
880869158.mp4,2
881899394.mp4,4
881902836.mp4,3
881939545.mp4,9
881951515.mp4,10
882203263.mp4,8
882272925.mp4,10
882629254.mp4,4
882718107.mp4,10
882760008.mp4,14
882929978_144_154.mp4,12
882929978_218_228.mp4,12
882929978_69_79.mp4,12
882943963_103_113.mp4,2
883241555_54_64.mp4,2
883309129.mp4,3
883457577_105_115.mp4,6
883775405.mp4,3
883783454.mp4,3
883851731.mp4,4
884016429.mp4,3
884437995.mp4,10
884466470.mp4,10
884621194.mp4,10
884748270_152_162.mp4,13
884937937.mp4,10
885065857.mp4,11
885102361.mp4,3
885120701.mp4,3
885178636.mp4,11
885245494.mp4,1
885328640.mp4,10
885365555.mp4,11
885579319.mp4,3
886339379_26_36.mp4,3
886365659.mp4,4
886779553.mp4,9
887213280.mp4,10
887375688.mp4,10
887486577.mp4,4
887501624.mp4,11
887611305.mp4,9
888030211.mp4,10
888065475.mp4,3
888514991_25_35.mp4,1
888514991_55_65.mp4,1
888514991_85_95.mp4,1
888671701.mp4,3
888739850_32_42.mp4,2
889019597.mp4,3
889136932.mp4,10
889199128_115_125.mp4,14
889208876.mp4,10
889210409.mp4,10
889213666.mp4,10
889870571.mp4,10
890010075.mp4,9
890125225.mp4,10
890402646.mp4,1
890884319.mp4,4
890929937_18_28.mp4,13
890929937_42_52.mp4,13
891555421.mp4,4
891568175.mp4,10
891644597.mp4,11
891872992.mp4,1
891916392.mp4,10
892195207.mp4,11
892760815_57_67.mp4,2
892779858_170_180.mp4,3
892983227.mp4,10
89318058.mp4,5
893358396.mp4,10
893758840.mp4,2
893894475.mp4,3
894157778.mp4,4
894416270.mp4,10
894437697.mp4,10
894518711.mp4,3
894525397.mp4,3
894563951.mp4,9
895265820_10_20.mp4,1
895698686.mp4,11
895794270_40_50.mp4,2
896319825.mp4,3
896533106.mp4,13
896702363.mp4,3
896815595_211_221.mp4,6
896818669.mp4,3
896859690_38_48.mp4,2
896906535.mp4,1
897123691_67_77.mp4,3
897408931_220_230.mp4,14
897551456.mp4,10
897974621_70_80.mp4,2
898265400.mp4,3
898713711.mp4,14
898839907.mp4,9
898969484_32_42.mp4,2
898979241_23_33.mp4,13
899183470.mp4,2
899504453_23_33.mp4,8
899731707_220_230.mp4,7
899865823.mp4,10
899890562.mp4,10
